手巻おにぎり　炭火牛焼肉	150円（税込162円）	https://img.7api-01.dp1.sej.co.jp/item-image/042868/4D8A937CA5A64977001D6C9D315F313F.jpg
手巻おにぎり　サーモンわさびマヨネーズ	130円（税込140.40円）	https://img.7api-01.dp1.sej.co.jp/item-image/045946/23BF089D48B413D647A00426D56052E5.jpg
厳選味付のり熟成焼鮭	135円（税込145.80円）	https://img.7api-01.dp1.sej.co.jp/item-image/043163/A166C21BFE4A0F3CF9468F562BFF8AAA.jpg
厳選味付のり辛子明太子	150円（税込162円）	https://img.7api-01.dp1.sej.co.jp/item-image/043160/F9532762D887E984B3E37E1595425274.jpg
厳選味付のり　海老マヨネーズ	135円（税込145.80円）	https://img.7api-01.dp1.sej.co.jp/item-image/043005/143F9C856192B621EB2B88165BE3CE83.jpg
厳選味付のり　ツナマヨネーズ	125円（税込135円）	https://img.7api-01.dp1.sej.co.jp/item-image/042979/4D997B80BEAE5EABEB5503C74D937779.jpg
手巻おにぎり　炭火焼熟成紅しゃけ	150円（税込162円）	https://img.7api-01.dp1.sej.co.jp/item-image/046757/BE7F7A50665FA2D42BA0A2F901FBEDE8.jpg
味付のり熟成焼鮭	135円（税込145.80円）	https://img.7api-01.dp1.sej.co.jp/item-image/046754/E6DE3ED1315E183C3D4F39A919B22530.jpg
手巻おにぎり　ツナマヨネーズ	125円（税込135円）	https://img.7api-01.dp1.sej.co.jp/item-image/046794/B4D0C701C2C1DD63B0C0DA8C85D3797C.jpg
味付のり　ツナマヨネーズ	125円（税込135円）	https://img.7api-01.dp1.sej.co.jp/item-image/046724/38E54551B01F2805AE89BDD0593315DF.jpg
味付海苔　ツナマヨネーズ	125円（税込135円）	https://img.7api-01.dp1.sej.co.jp/item-image/046805/700C3534F96E1A55A8CCD09C66E625C7.jpg
手巻おにぎり熟成旨味仕立て辛子明太子	150円（税込162円）	https://img.7api-01.dp1.sej.co.jp/item-image/046796/180A2D3FA5CE3CC895C317BF6308A5B8.jpg
手巻おにぎり熟成旨味仕立て辛子明太子	150円（税込162円）	https://img.7api-01.dp1.sej.co.jp/item-image/046758/5B78B004A20367DA9FCFEE5293F73476.jpg
手巻おにぎり　熟成旨味仕立て博多辛子明太子	150円（税込162円）	https://img.7api-01.dp1.sej.co.jp/item-image/046804/CE9D90734C149E954CCC35E7983DE8BA.jpg
味付のり　熟成旨味仕立て　辛子明太子	150円（税込162円）	https://img.7api-01.dp1.sej.co.jp/item-image/046755/08EFBA788C5134C792B1881B123A9F24.jpg
手巻おにぎり　追い鰹仕立て北海道産昆布	110円（税込118.80円）	https://img.7api-01.dp1.sej.co.jp/item-image/042559/D17500A7EA2E074B86F49938F5DCB74A.jpg
手巻おにぎり北海道産真昆布	110円（税込118.80円）	https://img.7api-01.dp1.sej.co.jp/item-image/046676/A8D001F34FBD1500B7C4C867BD292073.jpg
手巻おにぎりだしの旨味昆布	110円（税込118.80円）	https://img.7api-01.dp1.sej.co.jp/item-image/043200/DB688C950A5F3D297D12C4BAC5A28CC8.jpg
手巻おにぎり　熟成旨味仕立て紀州南高梅	115円（税込124.20円）	https://img.7api-01.dp1.sej.co.jp/item-image/042521/8CA36078E357FFBF7A3391269CBE8931.jpg
手巻おにぎり白加賀梅　（群馬県産梅使用）	115円（税込124.20円）	https://img.7api-01.dp1.sej.co.jp/item-image/042707/E42514C68491AC3B1A8B35F2D305FDCD.jpg
味付海苔海老マヨネーズこだわり卵のマヨネーズ	130円（税込140.40円）	https://img.7api-01.dp1.sej.co.jp/item-image/045821/5EDB815ADCCEA308E7A8BFAA003C9B25.jpg
味付海苔おにぎり海老マヨネーズ	135円（税込145.80円）	https://img.7api-01.dp1.sej.co.jp/item-image/046738/07E881420370D9CB124C2EECC3530E6C.jpg
手巻おにぎり　醤油麹仕立て熟成紅すじこ	155円（税込167.40円）	https://img.7api-01.dp1.sej.co.jp/item-image/046877/61D343EAAF032B7EE8B46CAE41CC54C0.jpg
手巻おにぎり　二段仕込み熟成塩漬け筋子	150円（税込162円）	https://img.7api-01.dp1.sej.co.jp/item-image/043313/902F845632248DE14FCA39CC1603E441.jpg
手巻おにぎり　熟成旨味仕立て博多辛子明太子	150円（税込162円）	https://img.7api-01.dp1.sej.co.jp/item-image/046747/5940428E3CB104B4C4A0BE3158F965B8.jpg
味付のり　海老マヨネーズ	135円（税込145.80円）	https://img.7api-01.dp1.sej.co.jp/item-image/046675/63622B981445C6DC9091AA77D2857431.jpg
手巻おにぎり　鶏唐揚げマヨネーズ	130円（税込140.40円）	https://img.7api-01.dp1.sej.co.jp/item-image/047098/9D3642E764B7ECE32E440F20AC6BC13F.jpg
手巻おにぎり　照焼チキンマヨネーズ	130円（税込140.40円）	https://img.7api-01.dp1.sej.co.jp/item-image/045085/F95DFFB847C3813536BC08886948CD4C.jpg
手巻おにぎり　玉子かけ風しらすご飯	145円（税込156.60円）	https://img.7api-01.dp1.sej.co.jp/item-image/043781/7D9B527D283CDA458722C196AC75183D.jpg
手巻おにぎり　ちりめん大葉味噌	125円（税込135円）	https://img.7api-01.dp1.sej.co.jp/item-image/043724/9F87A14D62D89B513B971CACA12DD02A.jpg
味付海苔海老マヨネーズ　こだわり卵のマヨネーズ	130円（税込140.40円）	https://img.7api-01.dp1.sej.co.jp/item-image/042259/C373BD8EC0E8ABF4EE16941BE611CD89.jpg
手巻おにぎり　静岡県産鶏使用鶏そぼろ	125円（税込135円）	https://img.7api-01.dp1.sej.co.jp/item-image/042219/71093939D8980650A51816FCE196EA01.jpg
手巻おにぎりおかかづくし	120円（税込129.60円）	https://img.7api-01.dp1.sej.co.jp/item-image/041899/B7965E296CFE9EAA800DDCAA87B780A9.jpg
手巻おにぎり　おかかづくし香ばし醤油仕立て	110円（税込118.80円）	https://img.7api-01.dp1.sej.co.jp/item-image/041685/A6FE6E8D16A330E9A9CCF98EE4F223EF.jpg
味付のり　サーモンわさびマヨネーズ	135円（税込145.80円）	https://img.7api-01.dp1.sej.co.jp/item-image/040878/0D1C673CCBB04B49757ED944881BFE28.jpg
味付のりおにぎり　辛子高菜（九州産高菜使用）	120円（税込129.60円）	https://img.7api-01.dp1.sej.co.jp/item-image/040828/AA3BD6A006AAAD5ADD994E8F3ED6384E.jpg
手巻おにぎり　すじこ	160円（税込172.80円）	https://img.7api-01.dp1.sej.co.jp/item-image/040813/A5795811D492DAB20DE11FDB0155A953.jpg
手巻おにぎり　たまり醤油仕立てあさりしぐれ	135円（税込145.80円）	https://img.7api-01.dp1.sej.co.jp/item-image/040795/90B6FC74BFA255DBB32380328C52FF79.jpg
手巻おにぎり　青なんばん味噌	120円（税込129.60円）	https://img.7api-01.dp1.sej.co.jp/item-image/040765/72B4173C727C2C0B8C35F5167ABA3A2B.jpg
手巻おにぎり　青なんばん味噌	120円（税込129.60円）	https://img.7api-01.dp1.sej.co.jp/item-image/040755/1EC54642A1A3B7539E973FDEAC1E6701.jpg
具たっぷり手巻牛めし	130円（税込140.40円）	https://img.7api-01.dp1.sej.co.jp/item-image/047023/06919EC8A1765301CB9F91D65D8ADD55.jpg
味付海苔　たまごかけ風だし醤油ごはん	135円（税込145.80円）	https://img.7api-01.dp1.sej.co.jp/item-image/047019/79FB713CE3A509853493737D4586FF2D.jpg
手巻おにぎり　焼さば	140円（税込151.20円）	https://img.7api-01.dp1.sej.co.jp/item-image/046990/9CDCC003F68BB067FD2DBBD34E209302.jpg
手巻おにぎり　福井梅	115円（税込124.20円）	https://img.7api-01.dp1.sej.co.jp/item-image/044911/6EB2A269F0819D4B441361ACA12996FD.jpg
具たっぷり手巻　海老マヨネーズ	135円（税込145.80円）	https://img.7api-01.dp1.sej.co.jp/item-image/046795/1C0752F8342B829CEE776FA21FF95D27.jpg
味付海苔海老マヨネーズこだわり卵のマヨネーズ	130円（税込140.40円）	https://img.7api-01.dp1.sej.co.jp/item-image/046902/0A523B9799FB7C6E8D628EAF98A75919.jpg
手巻おにぎり　華味鳥使用　鶏そぼろ	125円（税込135円）	https://img.7api-01.dp1.sej.co.jp/item-image/046686/7CA0D7A080BE5AE885F572A2AD301B26.jpg
味付海苔　海老マヨネーズ	140円（税込151.20円）	https://img.7api-01.dp1.sej.co.jp/item-image/046875/508391A38170952C73E646B824A0C62B.jpg
味付のりおにぎり　　　海老マヨネーズ	135円（税込145.80円）	https://img.7api-01.dp1.sej.co.jp/item-image/046857/DFDC4AA415136188FC257CC57CFA133F.jpg
味付海苔　炭火焼熟成紅しゃけ	150円（税込162円）	https://img.7api-01.dp1.sej.co.jp/item-image/046873/681FFFE25ECFC1D5BCBAC6CF390EB16C.jpg
味付のりおにぎり　　　梅おかか	115円（税込124.20円）	https://img.7api-01.dp1.sej.co.jp/item-image/046859/B0364AD0C9B439E1124830D2F1769060.jpg
手巻おにぎり　鶏そぼろ	115円（税込124.20円）	https://img.7api-01.dp1.sej.co.jp/item-image/046760/AEC93491D100A502745FB8D8196EC261.jpg
手巻おにぎり　二段仕込み熟成すじこ醤油漬け	150円（税込162円）	https://img.7api-01.dp1.sej.co.jp/item-image/046767/71B92EBFAAF2A8AFEE96C5044AF2FA85.jpg
手巻おにぎり　ちりめんおかか	130円（税込140.40円）	https://img.7api-01.dp1.sej.co.jp/item-image/041593/22DC6850BCE3709503FCDC5F0FAF37C7.jpg
手巻おにぎりすじこ醤油漬け	150円（税込162円）	https://img.7api-01.dp1.sej.co.jp/item-image/042925/C9A6488630431E0F0239EA92358FD38F.jpg
味付海苔海老マヨネーズこだわり卵のマヨネーズ	140円（税込151.20円）	https://img.7api-01.dp1.sej.co.jp/item-image/041907/0B3952C3D3D8AB30CB7976C4CAB07794.jpg
手巻おにぎりおかかづくし　焼津産鰹の鰹節	115円（税込124.20円）	https://img.7api-01.dp1.sej.co.jp/item-image/046898/47D95485D09EE40A7012AB07DEFE02FD.jpg
味付海苔　サーモンわさびマヨネーズ	120円（税込129.60円）	https://img.7api-01.dp1.sej.co.jp/item-image/042900/DD0AAFE9064AA42643EB891AFD857A76.jpg
手巻おにぎり　しそ昆布とつぼ漬け	110円（税込118.80円）	https://img.7api-01.dp1.sej.co.jp/item-image/041576/8A3D299B6AD611BFEDD3BF211E51B88D.jpg
手巻おにぎり大葉味噌	115円（税込124.20円）	https://img.7api-01.dp1.sej.co.jp/item-image/045272/72F26E75B5971207313508F95BFBBC98.jpg
具たっぷり手巻　牛めし	130円（税込140.40円）	https://img.7api-01.dp1.sej.co.jp/item-image/045285/9104501EA6800496372B0CE8E51BFA18.jpg
